"launch_id","controller","time_s","theta_deg","q_deg_s","delta_cmd_deg"
"L01","PID","0","6","0","0"
"L01","PID","0.05","5.9306","-0.6108","-0.2993"
"L01","PID","0.1","5.8311","-1.2087","-0.5943"
"L01","PID","0.15","5.7026","-1.7907","-0.8807"
"L01","PID","0.2","5.5462","-2.354","-1.1544"
"L01","PID","0.25","5.3632","-2.896","-1.4116"
"L01","PID","0.3","5.1552","-3.4141","-1.6485"
"L01","PID","0.35","4.9236","-3.906","-1.8616"
"L01","PID","0.4","4.6701","-4.3694","-2.048"
"L01","PID","0.45","4.3965","-4.8025","-2.2049"
"L01","PID","0.5","4.1045","-5.2033","-2.3301"
"L01","PID","0.55","3.796","-5.5703","-2.4218"
"L01","PID","0.6","3.4729","-5.9021","-2.4786"
"L01","PID","0.65","3.1372","-6.1975","-2.4999"
"L01","PID","0.7","2.7909","-6.4555","-2.4851"
"L01","PID","0.75","2.4361","-6.6754","-2.4346"
"L01","PID","0.8","2.0747","-6.8565","-2.3491"
"L01","PID","0.85","1.7088","-6.9987","-2.2298"
"L01","PID","0.9","1.3404","-7.1016","-2.0785"
"L01","PID","0.95","0.9714","-7.1654","-1.8972"
"L01","PID","1","0.6039","-7.1904","-1.6887"
"L01","PID","1.05","0.2398","-7.1771","-1.4558"
"L01","PID","1.1","-0.1191","-7.1262","-1.2021"
"L01","PID","1.15","-0.471","-7.0384","-0.931"
"L01","PID","1.2","-0.8141","-6.9149","-0.6465"
"L01","PID","1.25","-1.1468","-6.7569","-0.3528"
"L01","PID","1.3","-1.4675","-6.5658","-0.054"
"L01","PID","1.35","-1.7747","-6.343","0.2456"
"L01","PID","1.4","-2.067","-6.0903","0.5417"
"L01","PID","1.45","-2.3432","-5.8095","0.83"
"L01","PID","1.5","-2.6021","-5.5026","1.1063"
"L01","PID","1.55","-2.8426","-5.1714","1.3667"
"L01","PID","1.6","-3.0638","-4.8182","1.6075"
"L01","PID","1.65","-3.2648","-4.4452","1.8251"
"L01","PID","1.7","-3.445","-4.0547","2.0165"
"L01","PID","1.75","12.0376","-3.649","2.1789"
"L01","PID","1.8","11.9007","76.0634","2.31"
"L01","PID","1.85","11.786","76.4923","2.4078"
"L01","PID","1.9","11.6938","76.9292","2.471"
"L01","PID","1.95","11.6241","77.3716","11.0303"
"L01","PID","2","11.5769","77.8172","11.0221"
"L01","PID","2.05","11.552","78.2635","10.978"
"L01","PID","2.1","11.5491","78.7081","10.8987"
"L01","PID","2.15","11.568","79.1487","10.7853"
"L01","PID","2.2","11.608","79.5832","10.6396"
"L01","PID","2.25","11.6687","80.0092","10.4636"
"L01","PID","2.3","11.7493","80.4246","10.2597"
"L01","PID","2.35","11.849","80.8275","10.031"
"L01","PID","2.4","11.967","81.216","9.7807"
"L01","PID","2.45","12.1023","81.5881","9.5125"
"L01","PID","2.5","12.2539","81.9422","9.2302"
"L01","PID","2.55","12.4208","82.2767","8.9378"
"L01","PID","2.6","12.6016","82.5902","8.6396"
"L01","PID","2.65","12.7954","82.8813","8.3398"
"L01","PID","2.7","13.0007","83.1488","8.0428"
"L01","PID","2.75","13.2163","83.3918","7.7528"
"L01","PID","2.8","13.4409","83.6093","7.474"
"L01","PID","2.85","13.6731","83.8006","7.2104"
"L01","PID","2.9","13.9115","83.9651","6.9659"
"L01","PID","2.95","14.1549","84.1023","6.7438"
"L01","PID","3","14.4018","84.212","6.5475"
"L01","PID","3.05","14.6508","84.2939","6.3797"
"L01","PID","3.1","14.9007","84.3482","6.2428"
"L01","PID","3.15","15.15","84.375","6.1389"
"L01","PID","3.2","15.3974","84.3746","6.0694"
"L01","PID","3.25","15.6417","84.3473","6.0353"
"L01","PID","3.3","15.8817","84.2938","6.0371"
"L01","PID","3.35","16.1161","84.2148","6.0748"
"L01","PID","3.4","16.3438","84.1111","6.1478"
"L01","PID","3.45","16.5637","83.9837","6.2551"
"L01","PID","3.5","16.7749","83.8335","6.3951"
"L01","PID","3.55","16.9762","83.6617","6.5659"
"L01","PID","3.6","1.5256","83.4696","6.765"
"L01","PID","3.65","1.7049","83.2586","6.9894"
"L01","PID","3.7","1.8719","3.736","7.2361"
"L01","PID","3.75","2.0261","3.4913","7.5013"
"L01","PID","3.8","2.1668","3.2321","7.7814"
"L01","PID","3.85","2.2935","2.9599","8.0723"
"L01","PID","3.9","2.4059","2.6764","8.3698"
"L01","PID","3.95","2.5035","2.3834","8.6696"
"L01","PID","4","2.5862","2.0823","8.9675"
"L02","PID","0","6","0","0"
"L02","PID","0.05","5.9306","-0.6108","-0.2993"
"L02","PID","0.1","5.8311","-1.2087","-0.5943"
"L02","PID","0.15","5.7026","-1.7907","-0.8807"
"L02","PID","0.2","5.5462","-2.354","-1.1544"
"L02","PID","0.25","5.3632","-2.896","-1.4116"
"L02","PID","0.3","5.1552","-3.4141","-1.6485"
"L02","PID","0.35","4.9236","-3.906","-1.8616"
"L02","PID","0.4","4.6701","-4.3694","-2.048"
"L02","PID","0.45","4.3965","-4.8025","-2.2049"
"L02","PID","0.5","4.1045","-5.2033","-2.3301"
"L02","PID","0.55","3.796","-5.5703","-2.4218"
"L02","PID","0.6","3.4729","-5.9021","-2.4786"
"L02","PID","0.65","3.1372","-6.1975","-2.4999"
"L02","PID","0.7","2.7909","-6.4555","-2.4851"
"L02","PID","0.75","2.4361","-6.6754","-2.4346"
"L02","PID","0.8","2.0747","-6.8565","-2.3491"
"L02","PID","0.85","1.7088","-6.9987","-2.2298"
"L02","PID","0.9","1.3404","-7.1016","-2.0785"
"L02","PID","0.95","0.9714","-7.1654","-1.8972"
"L02","PID","1","0.6039","-7.1904","-1.6887"
"L02","PID","1.05","0.2398","-7.1771","-1.4558"
"L02","PID","1.1","-0.1191","-7.1262","-1.2021"
"L02","PID","1.15","-0.471","-7.0384","-0.931"
"L02","PID","1.2","-0.8141","-6.9149","-0.6465"
"L02","PID","1.25","-1.1468","-6.7569","-0.3528"
"L02","PID","1.3","-1.4675","-6.5658","-0.054"
"L02","PID","1.35","-1.7747","-6.343","0.2456"
"L02","PID","1.4","-2.067","-6.0903","0.5417"
"L02","PID","1.45","-2.3432","-5.8095","0.83"
"L02","PID","1.5","-2.6021","-5.5026","1.1063"
"L02","PID","1.55","-2.8426","-5.1714","1.3667"
"L02","PID","1.6","-3.0638","-4.8182","1.6075"
"L02","PID","1.65","13.0882","133.4456","1.8251"
"L02","PID","1.7","12.908","133.8361","2.0165"
"L02","PID","1.75","12.7493","134.2418","2.1789"
"L02","PID","1.8","12.6124","134.6603","11.2298"
"L02","PID","1.85","12.4977","135.0892","11.3277"
"L02","PID","1.9","12.4055","135.5261","11.3909"
"L02","PID","1.95","12.3358","135.9685","11.4185"
"L02","PID","2","12.2886","136.4141","11.4103"
"L02","PID","2.05","12.2637","136.8604","11.3662"
"L02","PID","2.1","12.2608","137.305","11.2869"
"L02","PID","2.15","12.2797","137.7456","11.1735"
"L02","PID","2.2","12.3197","138.1801","11.0278"
"L02","PID","2.25","12.3804","138.6061","10.8518"
"L02","PID","2.3","12.461","139.0215","10.6479"
"L02","PID","2.35","12.5607","139.4244","10.4192"
"L02","PID","2.4","12.6787","139.8129","10.1689"
"L02","PID","2.45","12.814","140.185","9.9007"
"L02","PID","2.5","12.9656","140.5391","9.6184"
"L02","PID","2.55","13.1325","140.8736","9.326"
"L02","PID","2.6","13.3133","141.1871","9.0278"
"L02","PID","2.65","13.5071","141.4782","8.728"
"L02","PID","2.7","13.7124","141.7457","8.431"
"L02","PID","2.75","13.928","141.9887","8.141"
"L02","PID","2.8","14.1526","142.2062","7.8622"
"L02","PID","2.85","14.3848","142.3975","7.5986"
"L02","PID","2.9","14.6232","142.562","7.3541"
"L02","PID","2.95","14.8666","142.6992","7.132"
"L02","PID","3","15.1135","142.8089","6.9357"
"L02","PID","3.05","15.3625","142.8908","6.7679"
"L02","PID","3.1","15.6124","142.9451","6.631"
"L02","PID","3.15","15.8617","142.9719","6.5271"
"L02","PID","3.2","16.1091","142.9715","6.4576"
"L02","PID","3.25","16.3534","142.9442","6.4235"
"L02","PID","3.3","16.5934","142.8907","6.4253"
"L02","PID","3.35","16.8278","142.8117","6.463"
"L02","PID","3.4","17.0555","142.708","6.536"
"L02","PID","3.45","0.9224","142.5806","6.6433"
"L02","PID","3.5","1.1335","142.4304","6.7833"
"L02","PID","3.55","1.3349","4.3678","6.9541"
"L02","PID","3.6","1.5256","4.1757","7.1532"
"L02","PID","3.65","1.7049","3.9647","7.3776"
"L02","PID","3.7","1.8719","3.736","7.6243"
"L02","PID","3.75","2.0261","3.4913","7.8895"
"L02","PID","3.8","2.1668","3.2321","8.1696"
"L02","PID","3.85","2.2935","2.9599","8.4605"
"L02","PID","3.9","2.4059","2.6764","8.758"
"L02","PID","3.95","2.5035","2.3834","9.0578"
"L02","PID","4","2.5862","2.0823","9.3557"
"L03","PID","0","6","0","0"
"L03","PID","0.05","5.9306","-0.6108","-0.2993"
"L03","PID","0.1","5.8311","-1.2087","-0.5943"
"L03","PID","0.15","5.7026","-1.7907","-0.8807"
"L03","PID","0.2","5.5462","-2.354","-1.1544"
"L03","PID","0.25","5.3632","-2.896","-1.4116"
"L03","PID","0.3","5.1552","-3.4141","-1.6485"
"L03","PID","0.35","4.9236","-3.906","-1.8616"
"L03","PID","0.4","4.6701","-4.3694","-2.048"
"L03","PID","0.45","4.3965","-4.8025","-2.2049"
"L03","PID","0.5","4.1045","-5.2033","-2.3301"
"L03","PID","0.55","3.796","-5.5703","-2.4218"
"L03","PID","0.6","3.4729","-5.9021","-2.4786"
"L03","PID","0.65","3.1372","-6.1975","-2.4999"
"L03","PID","0.7","2.7909","-6.4555","-2.4851"
"L03","PID","0.75","2.4361","-6.6754","-2.4346"
"L03","PID","0.8","2.0747","-6.8565","-2.3491"
"L03","PID","0.85","1.7088","-6.9987","-2.2298"
"L03","PID","0.9","1.3404","-7.1016","-2.0785"
"L03","PID","0.95","0.9714","-7.1654","-1.8972"
"L03","PID","1","0.6039","-7.1904","-1.6887"
"L03","PID","1.05","0.2398","-7.1771","-1.4558"
"L03","PID","1.1","-0.1191","-7.1262","-1.2021"
"L03","PID","1.15","-0.471","-7.0384","-0.931"
"L03","PID","1.2","-0.8141","-6.9149","-0.6465"
"L03","PID","1.25","-1.1468","-6.7569","-0.3528"
"L03","PID","1.3","-1.4675","-6.5658","-0.054"
"L03","PID","1.35","-1.7747","-6.343","0.2456"
"L03","PID","1.4","-2.067","-6.0903","0.5417"
"L03","PID","1.45","-2.3432","-5.8095","0.83"
"L03","PID","1.5","-2.6021","-5.5026","1.1063"
"L03","PID","1.55","-2.8426","-5.1714","1.3667"
"L03","PID","1.6","-3.0638","-4.8182","1.6075"
"L03","PID","1.65","-3.2648","-4.4452","1.8251"
"L03","PID","1.7","-3.445","-4.0547","2.0165"
"L03","PID","1.75","-3.6038","-3.649","2.1789"
"L03","PID","1.8","-3.7407","-3.2305","2.31"
"L03","PID","1.85","7.7932","60.4159","2.4078"
"L03","PID","1.9","7.701","60.8528","2.471"
"L03","PID","1.95","7.6313","61.2952","2.4987"
"L03","PID","2","7.5841","61.7408","2.4904"
"L03","PID","2.05","7.5592","62.1871","8.8001"
"L03","PID","2.1","7.5563","62.6317","8.7208"
"L03","PID","2.15","7.5752","63.0723","8.6075"
"L03","PID","2.2","7.6153","63.5068","8.4617"
"L03","PID","2.25","7.6759","63.9328","8.2857"
"L03","PID","2.3","7.7565","64.3482","8.0818"
"L03","PID","2.35","7.8562","64.7511","7.8531"
"L03","PID","2.4","7.9742","65.1396","7.6029"
"L03","PID","2.45","8.1095","65.5117","7.3346"
"L03","PID","2.5","8.2612","65.8658","7.0523"
"L03","PID","2.55","8.428","66.2003","6.7599"
"L03","PID","2.6","8.6089","66.5138","6.4617"
"L03","PID","2.65","8.8026","66.8049","6.1619"
"L03","PID","2.7","9.0079","67.0724","5.8649"
"L03","PID","2.75","9.2235","67.3154","5.5749"
"L03","PID","2.8","9.4481","67.5329","5.2961"
"L03","PID","2.85","9.6803","67.7242","5.0325"
"L03","PID","2.9","9.9188","67.8887","4.788"
"L03","PID","2.95","10.1621","68.0259","4.5659"
"L03","PID","3","10.409","68.1356","4.3696"
"L03","PID","3.05","10.6581","68.2175","4.2018"
"L03","PID","3.1","10.9079","68.2718","4.0649"
"L03","PID","3.15","11.1572","68.2986","3.961"
"L03","PID","3.2","11.4046","68.2982","3.8915"
"L03","PID","3.25","11.6489","68.2709","3.8574"
"L03","PID","3.3","11.8889","68.2174","3.8592"
"L03","PID","3.35","12.1233","68.1384","3.8969"
"L03","PID","3.4","12.351","68.0347","3.9699"
"L03","PID","3.45","12.5709","67.9073","4.0772"
"L03","PID","3.5","12.7821","67.7571","4.2173"
"L03","PID","3.55","12.9835","67.5853","4.388"
"L03","PID","3.6","13.1742","67.3932","4.5871"
"L03","PID","3.65","1.7049","67.1822","4.8115"
"L03","PID","3.7","1.8719","66.9535","5.0582"
"L03","PID","3.75","2.0261","3.4913","5.3235"
"L03","PID","3.8","2.1668","3.2321","5.6036"
"L03","PID","3.85","2.2935","2.9599","5.8944"
"L03","PID","3.9","2.4059","2.6764","6.1919"
"L03","PID","3.95","2.5035","2.3834","6.4917"
"L03","PID","4","2.5862","2.0823","6.7896"
"L04","PID","0","6","0","0"
"L04","PID","0.05","5.9306","-0.6108","-0.2993"
"L04","PID","0.1","5.8311","-1.2087","-0.5943"
"L04","PID","0.15","5.7026","-1.7907","-0.8807"
"L04","PID","0.2","5.5462","-2.354","-1.1544"
"L04","PID","0.25","5.3632","-2.896","-1.4116"
"L04","PID","0.3","5.1552","-3.4141","-1.6485"
"L04","PID","0.35","4.9236","-3.906","-1.8616"
"L04","PID","0.4","4.6701","-4.3694","-2.048"
"L04","PID","0.45","4.3965","-4.8025","-2.2049"
"L04","PID","0.5","4.1045","-5.2033","-2.3301"
"L04","PID","0.55","3.796","-5.5703","-2.4218"
"L04","PID","0.6","3.4729","-5.9021","-2.4786"
"L04","PID","0.65","3.1372","-6.1975","-2.4999"
"L04","PID","0.7","2.7909","-6.4555","-2.4851"
"L04","PID","0.75","2.4361","-6.6754","-2.4346"
"L04","PID","0.8","2.0747","-6.8565","-2.3491"
"L04","PID","0.85","1.7088","-6.9987","-2.2298"
"L04","PID","0.9","1.3404","-7.1016","-2.0785"
"L04","PID","0.95","0.9714","-7.1654","-1.8972"
"L04","PID","1","0.6039","-7.1904","-1.6887"
"L04","PID","1.05","0.2398","-7.1771","-1.4558"
"L04","PID","1.1","-0.1191","-7.1262","-1.2021"
"L04","PID","1.15","-0.471","-7.0384","-0.931"
"L04","PID","1.2","-0.8141","-6.9149","-0.6465"
"L04","PID","1.25","-1.1468","-6.7569","-0.3528"
"L04","PID","1.3","-1.4675","-6.5658","-0.054"
"L04","PID","1.35","-1.7747","-6.343","0.2456"
"L04","PID","1.4","-2.067","-6.0903","0.5417"
"L04","PID","1.45","-2.3432","-5.8095","0.83"
"L04","PID","1.5","-2.6021","-5.5026","1.1063"
"L04","PID","1.55","-2.8426","-5.1714","1.3667"
"L04","PID","1.6","-3.0638","-4.8182","1.6075"
"L04","PID","1.65","-3.2648","-4.4452","1.8251"
"L04","PID","1.7","-3.445","-4.0547","2.0165"
"L04","PID","1.75","13.6099","128.7986","2.1789"
"L04","PID","1.8","13.473","129.2171","2.31"
"L04","PID","1.85","13.3584","129.646","2.4078"
"L04","PID","1.9","13.2661","130.0829","2.471"
"L04","PID","1.95","13.1964","130.5253","11.888"
"L04","PID","2","13.1492","130.9709","11.8797"
"L04","PID","2.05","13.1243","131.4172","11.8356"
"L04","PID","2.1","13.1215","131.8618","11.7563"
"L04","PID","2.15","13.1403","132.3024","11.643"
"L04","PID","2.2","13.1804","132.7369","11.4972"
"L04","PID","2.25","13.241","133.1629","11.3212"
"L04","PID","2.3","13.3216","133.5783","11.1173"
"L04","PID","2.35","13.4213","133.9812","10.8886"
"L04","PID","2.4","13.5393","134.3697","10.6384"
"L04","PID","2.45","13.6747","134.7418","10.3702"
"L04","PID","2.5","13.8263","135.0959","10.0878"
"L04","PID","2.55","13.9931","135.4304","9.7954"
"L04","PID","2.6","14.174","135.7439","9.4972"
"L04","PID","2.65","14.3677","136.035","9.1974"
"L04","PID","2.7","14.573","136.3025","8.9004"
"L04","PID","2.75","14.7886","136.5455","8.6104"
"L04","PID","2.8","15.0132","136.763","8.3316"
"L04","PID","2.85","15.2454","136.9543","8.0681"
"L04","PID","2.9","15.4839","137.1188","7.8235"
"L04","PID","2.95","15.7273","137.256","7.6014"
"L04","PID","3","15.9741","137.3657","7.4051"
"L04","PID","3.05","16.2232","137.4476","7.2373"
"L04","PID","3.1","16.473","137.5019","7.1005"
"L04","PID","3.15","16.7223","137.5287","6.9965"
"L04","PID","3.2","16.9697","137.5283","6.927"
"L04","PID","3.25","17.2141","137.501","6.8929"
"L04","PID","3.3","17.454","137.4475","6.8947"
"L04","PID","3.35","17.6884","137.3685","6.9324"
"L04","PID","3.4","17.9161","137.2648","7.0054"
"L04","PID","3.45","18.1361","137.1374","7.1127"
"L04","PID","3.5","18.3472","136.9872","7.2528"
"L04","PID","3.55","1.3349","136.8154","7.4236"
"L04","PID","3.6","1.5256","136.6233","7.6226"
"L04","PID","3.65","1.7049","3.9647","7.8471"
"L04","PID","3.7","1.8719","3.736","8.0937"
"L04","PID","3.75","2.0261","3.4913","8.359"
"L04","PID","3.8","2.1668","3.2321","8.6391"
"L04","PID","3.85","2.2935","2.9599","8.93"
"L04","PID","3.9","2.4059","2.6764","9.2274"
"L04","PID","3.95","2.5035","2.3834","9.5273"
"L04","PID","4","2.5862","2.0823","9.8251"
"L05","PID","0","6","0","0"
"L05","PID","0.05","5.9306","-0.6108","-0.2993"
"L05","PID","0.1","5.8311","-1.2087","-0.5943"
"L05","PID","0.15","5.7026","-1.7907","-0.8807"
"L05","PID","0.2","5.5462","-2.354","-1.1544"
"L05","PID","0.25","5.3632","-2.896","-1.4116"
"L05","PID","0.3","5.1552","-3.4141","-1.6485"
"L05","PID","0.35","4.9236","-3.906","-1.8616"
"L05","PID","0.4","4.6701","-4.3694","-2.048"
"L05","PID","0.45","4.3965","-4.8025","-2.2049"
"L05","PID","0.5","4.1045","-5.2033","-2.3301"
"L05","PID","0.55","3.796","-5.5703","-2.4218"
"L05","PID","0.6","3.4729","-5.9021","-2.4786"
"L05","PID","0.65","3.1372","-6.1975","-2.4999"
"L05","PID","0.7","2.7909","-6.4555","-2.4851"
"L05","PID","0.75","2.4361","-6.6754","-2.4346"
"L05","PID","0.8","2.0747","-6.8565","-2.3491"
"L05","PID","0.85","1.7088","-6.9987","-2.2298"
"L05","PID","0.9","1.3404","-7.1016","-2.0785"
"L05","PID","0.95","0.9714","-7.1654","-1.8972"
"L05","PID","1","0.6039","-7.1904","-1.6887"
"L05","PID","1.05","0.2398","-7.1771","-1.4558"
"L05","PID","1.1","-0.1191","-7.1262","-1.2021"
"L05","PID","1.15","-0.471","-7.0384","-0.931"
"L05","PID","1.2","-0.8141","-6.9149","-0.6465"
"L05","PID","1.25","-1.1468","-6.7569","-0.3528"
"L05","PID","1.3","-1.4675","-6.5658","-0.054"
"L05","PID","1.35","-1.7747","-6.343","0.2456"
"L05","PID","1.4","-2.067","-6.0903","0.5417"
"L05","PID","1.45","-2.3432","-5.8095","0.83"
"L05","PID","1.5","-2.6021","-5.5026","1.1063"
"L05","PID","1.55","-2.8426","-5.1714","1.3667"
"L05","PID","1.6","8.433","-4.8182","1.6075"
"L05","PID","1.65","8.2319","82.0076","1.8251"
"L05","PID","1.7","8.0517","82.3981","2.0165"
"L05","PID","1.75","7.893","82.8038","2.1789"
"L05","PID","1.8","7.7561","83.2223","8.581"
"L05","PID","1.85","7.6414","83.6512","8.6788"
"L05","PID","1.9","7.5492","84.0881","8.742"
"L05","PID","1.95","7.4795","84.5305","8.7696"
"L05","PID","2","7.4323","84.9761","8.7614"
"L05","PID","2.05","7.4074","85.4224","8.7173"
"L05","PID","2.1","7.4045","85.867","8.638"
"L05","PID","2.15","7.4234","86.3076","8.5247"
"L05","PID","2.2","7.4635","86.7421","8.3789"
"L05","PID","2.25","7.5241","87.1681","8.2029"
"L05","PID","2.3","7.6047","87.5835","7.999"
"L05","PID","2.35","7.7044","87.9864","7.7703"
"L05","PID","2.4","7.8224","88.3749","7.5201"
"L05","PID","2.45","7.9577","88.747","7.2518"
"L05","PID","2.5","8.1094","89.1011","6.9695"
"L05","PID","2.55","8.2762","89.4356","6.6771"
"L05","PID","2.6","8.4571","89.7491","6.3789"
"L05","PID","2.65","8.6508","90.0402","6.0791"
"L05","PID","2.7","8.8561","90.3077","5.7821"
"L05","PID","2.75","9.0717","90.5507","5.4921"
"L05","PID","2.8","9.2963","90.7682","5.2133"
"L05","PID","2.85","9.5285","90.9595","4.9497"
"L05","PID","2.9","9.767","91.124","4.7052"
"L05","PID","2.95","10.0103","91.2612","4.4831"
"L05","PID","3","10.2572","91.3709","4.2868"
"L05","PID","3.05","10.5063","91.4528","4.119"
"L05","PID","3.1","10.7561","91.5071","3.9821"
"L05","PID","3.15","11.0054","91.5339","3.8782"
"L05","PID","3.2","11.2528","91.5335","3.8087"
"L05","PID","3.25","11.4971","91.5062","3.7746"
"L05","PID","3.3","11.7371","91.4527","3.7764"
"L05","PID","3.35","11.9715","91.3737","3.8141"
"L05","PID","3.4","12.1992","91.27","3.8871"
"L05","PID","3.45","0.9224","91.1426","3.9944"
"L05","PID","3.5","1.1335","90.9924","4.1345"
"L05","PID","3.55","1.3349","4.3678","4.3052"
"L05","PID","3.6","1.5256","4.1757","4.5043"
"L05","PID","3.65","1.7049","3.9647","4.7287"
"L05","PID","3.7","1.8719","3.736","4.9754"
"L05","PID","3.75","2.0261","3.4913","5.2407"
"L05","PID","3.8","2.1668","3.2321","5.5208"
"L05","PID","3.85","2.2935","2.9599","5.8116"
"L05","PID","3.9","2.4059","2.6764","6.1091"
"L05","PID","3.95","2.5035","2.3834","6.4089"
"L05","PID","4","2.5862","2.0823","6.7068"
"L06","PID","0","6","0","0"
"L06","PID","0.05","5.9306","-0.6108","-0.2993"
"L06","PID","0.1","5.8311","-1.2087","-0.5943"
"L06","PID","0.15","5.7026","-1.7907","-0.8807"
"L06","PID","0.2","5.5462","-2.354","-1.1544"
"L06","PID","0.25","5.3632","-2.896","-1.4116"
"L06","PID","0.3","5.1552","-3.4141","-1.6485"
"L06","PID","0.35","4.9236","-3.906","-1.8616"
"L06","PID","0.4","4.6701","-4.3694","-2.048"
"L06","PID","0.45","4.3965","-4.8025","-2.2049"
"L06","PID","0.5","4.1045","-5.2033","-2.3301"
"L06","PID","0.55","3.796","-5.5703","-2.4218"
"L06","PID","0.6","3.4729","-5.9021","-2.4786"
"L06","PID","0.65","3.1372","-6.1975","-2.4999"
"L06","PID","0.7","2.7909","-6.4555","-2.4851"
"L06","PID","0.75","2.4361","-6.6754","-2.4346"
"L06","PID","0.8","2.0747","-6.8565","-2.3491"
"L06","PID","0.85","1.7088","-6.9987","-2.2298"
"L06","PID","0.9","1.3404","-7.1016","-2.0785"
"L06","PID","0.95","0.9714","-7.1654","-1.8972"
"L06","PID","1","0.6039","-7.1904","-1.6887"
"L06","PID","1.05","0.2398","-7.1771","-1.4558"
"L06","PID","1.1","-0.1191","-7.1262","-1.2021"
"L06","PID","1.15","-0.471","-7.0384","-0.931"
"L06","PID","1.2","-0.8141","-6.9149","-0.6465"
"L06","PID","1.25","-1.1468","-6.7569","-0.3528"
"L06","PID","1.3","-1.4675","-6.5658","-0.054"
"L06","PID","1.35","-1.7747","-6.343","0.2456"
"L06","PID","1.4","-2.067","-6.0903","0.5417"
"L06","PID","1.45","-2.3432","-5.8095","0.83"
"L06","PID","1.5","-2.6021","-5.5026","1.1063"
"L06","PID","1.55","-2.8426","-5.1714","1.3667"
"L06","PID","1.6","-3.0638","-4.8182","1.6075"
"L06","PID","1.65","-3.2648","-4.4452","1.8251"
"L06","PID","1.7","-3.445","-4.0547","2.0165"
"L06","PID","1.75","-3.6038","-3.649","2.1789"
"L06","PID","1.8","7.4012","78.065","2.31"
"L06","PID","1.85","7.2866","78.4939","2.4078"
"L06","PID","1.9","7.1944","78.9308","2.471"
"L06","PID","1.95","7.1246","79.3732","2.4987"
"L06","PID","2","7.0774","79.8188","8.5678"
"L06","PID","2.05","7.0525","80.2651","8.5237"
"L06","PID","2.1","7.0497","80.7097","8.4444"
"L06","PID","2.15","7.0685","81.1503","8.3311"
"L06","PID","2.2","7.1086","81.5848","8.1854"
"L06","PID","2.25","7.1693","82.0108","8.0093"
"L06","PID","2.3","7.2498","82.4262","7.8055"
"L06","PID","2.35","7.3496","82.8291","7.5768"
"L06","PID","2.4","7.4676","83.2176","7.3265"
"L06","PID","2.45","7.6029","83.5897","7.0583"
"L06","PID","2.5","7.7545","83.9438","6.7759"
"L06","PID","2.55","7.9213","84.2783","6.4836"
"L06","PID","2.6","8.1022","84.5918","6.1853"
"L06","PID","2.65","8.2959","84.8829","5.8856"
"L06","PID","2.7","8.5012","85.1504","5.5885"
"L06","PID","2.75","8.7168","85.3934","5.2985"
"L06","PID","2.8","8.9414","85.6109","5.0198"
"L06","PID","2.85","9.1736","85.8022","4.7562"
"L06","PID","2.9","9.4121","85.9667","4.5116"
"L06","PID","2.95","9.6555","86.1039","4.2896"
"L06","PID","3","9.9024","86.2136","4.0932"
"L06","PID","3.05","10.1514","86.2955","3.9254"
"L06","PID","3.1","10.4012","86.3498","3.7886"
"L06","PID","3.15","10.6505","86.3766","3.6847"
"L06","PID","3.2","10.898","86.3762","3.6151"
"L06","PID","3.25","11.1423","86.3489","3.581"
"L06","PID","3.3","11.3822","86.2954","3.5828"
"L06","PID","3.35","11.6166","86.2164","3.6205"
"L06","PID","3.4","11.8443","86.1127","3.6935"
"L06","PID","3.45","12.0643","85.9853","3.8009"
"L06","PID","3.5","12.2754","85.8351","3.9409"
"L06","PID","3.55","12.4768","85.6633","4.1117"
"L06","PID","3.6","1.5256","85.4712","4.3107"
"L06","PID","3.65","1.7049","85.2602","4.5352"
"L06","PID","3.7","1.8719","3.736","4.7818"
"L06","PID","3.75","2.0261","3.4913","5.0471"
"L06","PID","3.8","2.1668","3.2321","5.3272"
"L06","PID","3.85","2.2935","2.9599","5.6181"
"L06","PID","3.9","2.4059","2.6764","5.9156"
"L06","PID","3.95","2.5035","2.3834","6.2154"
"L06","PID","4","2.5862","2.0823","6.5132"
"L07","PID","0","6","0","0"
"L07","PID","0.05","5.9306","-0.6108","-0.2993"
"L07","PID","0.1","5.8311","-1.2087","-0.5943"
"L07","PID","0.15","5.7026","-1.7907","-0.8807"
"L07","PID","0.2","5.5462","-2.354","-1.1544"
"L07","PID","0.25","5.3632","-2.896","-1.4116"
"L07","PID","0.3","5.1552","-3.4141","-1.6485"
"L07","PID","0.35","4.9236","-3.906","-1.8616"
"L07","PID","0.4","4.6701","-4.3694","-2.048"
"L07","PID","0.45","4.3965","-4.8025","-2.2049"
"L07","PID","0.5","4.1045","-5.2033","-2.3301"
"L07","PID","0.55","3.796","-5.5703","-2.4218"
"L07","PID","0.6","3.4729","-5.9021","-2.4786"
"L07","PID","0.65","3.1372","-6.1975","-2.4999"
"L07","PID","0.7","2.7909","-6.4555","-2.4851"
"L07","PID","0.75","2.4361","-6.6754","-2.4346"
"L07","PID","0.8","2.0747","-6.8565","-2.3491"
"L07","PID","0.85","1.7088","-6.9987","-2.2298"
"L07","PID","0.9","1.3404","-7.1016","-2.0785"
"L07","PID","0.95","0.9714","-7.1654","-1.8972"
"L07","PID","1","0.6039","-7.1904","-1.6887"
"L07","PID","1.05","0.2398","-7.1771","-1.4558"
"L07","PID","1.1","-0.1191","-7.1262","-1.2021"
"L07","PID","1.15","-0.471","-7.0384","-0.931"
"L07","PID","1.2","-0.8141","-6.9149","-0.6465"
"L07","PID","1.25","-1.1468","-6.7569","-0.3528"
"L07","PID","1.3","-1.4675","-6.5658","-0.054"
"L07","PID","1.35","-1.7747","-6.343","0.2456"
"L07","PID","1.4","-2.067","-6.0903","0.5417"
"L07","PID","1.45","-2.3432","-5.8095","0.83"
"L07","PID","1.5","-2.6021","-5.5026","1.1063"
"L07","PID","1.55","-2.8426","-5.1714","1.3667"
"L07","PID","1.6","-3.0638","-4.8182","1.6075"
"L07","PID","1.65","-3.2648","-4.4452","1.8251"
"L07","PID","1.7","-3.445","-4.0547","2.0165"
"L07","PID","1.75","6.3341","86.1362","2.1789"
"L07","PID","1.8","6.1972","86.5547","2.31"
"L07","PID","1.85","6.0825","86.9836","2.4078"
"L07","PID","1.9","5.9903","87.4205","2.471"
"L07","PID","1.95","5.9206","87.8629","7.9193"
"L07","PID","2","5.8734","88.3085","7.9111"
"L07","PID","2.05","5.8485","88.7548","7.867"
"L07","PID","2.1","5.8456","89.1994","7.7877"
"L07","PID","2.15","5.8645","89.64","7.6743"
"L07","PID","2.2","5.9045","90.0745","7.5286"
"L07","PID","2.25","5.9652","90.5005","7.3526"
"L07","PID","2.3","6.0458","90.9159","7.1487"
"L07","PID","2.35","6.1455","91.3188","6.92"
"L07","PID","2.4","6.2635","91.7073","6.6697"
"L07","PID","2.45","6.3988","92.0794","6.4015"
"L07","PID","2.5","6.5504","92.4335","6.1192"
"L07","PID","2.55","6.7173","92.768","5.8268"
"L07","PID","2.6","6.8981","93.0815","5.5286"
"L07","PID","2.65","7.0919","93.3726","5.2288"
"L07","PID","2.7","7.2972","93.6401","4.9318"
"L07","PID","2.75","7.5128","93.8831","4.6418"
"L07","PID","2.8","7.7374","94.1006","4.363"
"L07","PID","2.85","7.9696","94.2919","4.0994"
"L07","PID","2.9","8.208","94.4564","3.8549"
"L07","PID","2.95","8.4514","94.5936","3.6328"
"L07","PID","3","8.6983","94.7033","3.4365"
"L07","PID","3.05","8.9473","94.7852","3.2687"
"L07","PID","3.1","9.1972","94.8395","3.1318"
"L07","PID","3.15","9.4465","94.8663","3.0279"
"L07","PID","3.2","9.6939","94.8659","2.9584"
"L07","PID","3.25","9.9382","94.8386","2.9243"
"L07","PID","3.3","10.1782","94.7851","2.9261"
"L07","PID","3.35","10.4126","94.7061","2.9638"
"L07","PID","3.4","10.6403","94.6024","3.0368"
"L07","PID","3.45","10.8602","94.475","3.1441"
"L07","PID","3.5","11.0714","94.3248","3.2841"
"L07","PID","3.55","1.3349","94.153","3.4549"
"L07","PID","3.6","1.5256","93.9609","3.654"
"L07","PID","3.65","1.7049","3.9647","3.8784"
"L07","PID","3.7","1.8719","3.736","4.1251"
"L07","PID","3.75","2.0261","3.4913","4.3903"
"L07","PID","3.8","2.1668","3.2321","4.6704"
"L07","PID","3.85","2.2935","2.9599","4.9613"
"L07","PID","3.9","2.4059","2.6764","5.2588"
"L07","PID","3.95","2.5035","2.3834","5.5586"
"L07","PID","4","2.5862","2.0823","5.8565"
"L08","PID","0","6","0","0"
"L08","PID","0.05","5.9306","-0.6108","-0.2993"
"L08","PID","0.1","5.8311","-1.2087","-0.5943"
"L08","PID","0.15","5.7026","-1.7907","-0.8807"
"L08","PID","0.2","5.5462","-2.354","-1.1544"
"L08","PID","0.25","5.3632","-2.896","-1.4116"
"L08","PID","0.3","5.1552","-3.4141","-1.6485"
"L08","PID","0.35","4.9236","-3.906","-1.8616"
"L08","PID","0.4","4.6701","-4.3694","-2.048"
"L08","PID","0.45","4.3965","-4.8025","-2.2049"
"L08","PID","0.5","4.1045","-5.2033","-2.3301"
"L08","PID","0.55","3.796","-5.5703","-2.4218"
"L08","PID","0.6","3.4729","-5.9021","-2.4786"
"L08","PID","0.65","3.1372","-6.1975","-2.4999"
"L08","PID","0.7","2.7909","-6.4555","-2.4851"
"L08","PID","0.75","2.4361","-6.6754","-2.4346"
"L08","PID","0.8","2.0747","-6.8565","-2.3491"
"L08","PID","0.85","1.7088","-6.9987","-2.2298"
"L08","PID","0.9","1.3404","-7.1016","-2.0785"
"L08","PID","0.95","0.9714","-7.1654","-1.8972"
"L08","PID","1","0.6039","-7.1904","-1.6887"
"L08","PID","1.05","0.2398","-7.1771","-1.4558"
"L08","PID","1.1","-0.1191","-7.1262","-1.2021"
"L08","PID","1.15","-0.471","-7.0384","-0.931"
"L08","PID","1.2","-0.8141","-6.9149","-0.6465"
"L08","PID","1.25","-1.1468","-6.7569","-0.3528"
"L08","PID","1.3","-1.4675","-6.5658","-0.054"
"L08","PID","1.35","-1.7747","-6.343","0.2456"
"L08","PID","1.4","-2.067","-6.0903","0.5417"
"L08","PID","1.45","-2.3432","-5.8095","0.83"
"L08","PID","1.5","-2.6021","-5.5026","1.1063"
"L08","PID","1.55","-2.8426","-5.1714","1.3667"
"L08","PID","1.6","-3.0638","-4.8182","1.6075"
"L08","PID","1.65","-3.2648","-4.4452","1.8251"
"L08","PID","1.7","-3.445","-4.0547","2.0165"
"L08","PID","1.75","12.4756","98.8454","2.1789"
"L08","PID","1.8","12.3387","99.2639","2.31"
"L08","PID","1.85","12.224","99.6928","2.4078"
"L08","PID","1.9","12.1318","100.1297","2.471"
"L08","PID","1.95","12.0621","100.5721","11.2692"
"L08","PID","2","12.0149","101.0177","11.261"
"L08","PID","2.05","11.99","101.464","11.2169"
"L08","PID","2.1","11.9871","101.9086","11.1376"
"L08","PID","2.15","12.006","102.3492","11.0243"
"L08","PID","2.2","12.0461","102.7837","10.8785"
"L08","PID","2.25","12.1067","103.2097","10.7025"
"L08","PID","2.3","12.1873","103.6251","10.4986"
"L08","PID","2.35","12.287","104.028","10.2699"
"L08","PID","2.4","12.405","104.4165","10.0197"
"L08","PID","2.45","12.5403","104.7886","9.7514"
"L08","PID","2.5","12.692","105.1427","9.4691"
"L08","PID","2.55","12.8588","105.4772","9.1767"
"L08","PID","2.6","13.0397","105.7907","8.8785"
"L08","PID","2.65","13.2334","106.0818","8.5787"
"L08","PID","2.7","13.4387","106.3493","8.2817"
"L08","PID","2.75","13.6543","106.5923","7.9917"
"L08","PID","2.8","13.8789","106.8098","7.7129"
"L08","PID","2.85","14.1111","107.0011","7.4493"
"L08","PID","2.9","14.3496","107.1656","7.2048"
"L08","PID","2.95","14.5929","107.3028","6.9827"
"L08","PID","3","14.8398","107.4125","6.7864"
"L08","PID","3.05","15.0889","107.4944","6.6186"
"L08","PID","3.1","15.3387","107.5487","6.4817"
"L08","PID","3.15","15.588","107.5755","6.3778"
"L08","PID","3.2","15.8354","107.5751","6.3083"
"L08","PID","3.25","16.0797","107.5478","6.2742"
"L08","PID","3.3","16.3197","107.4943","6.276"
"L08","PID","3.35","16.5541","107.4153","6.3137"
"L08","PID","3.4","16.7818","107.3116","6.3867"
"L08","PID","3.45","17.0017","107.1842","6.494"
"L08","PID","3.5","17.2129","107.034","6.6341"
"L08","PID","3.55","1.3349","106.8622","6.8048"
"L08","PID","3.6","1.5256","106.6701","7.0039"
"L08","PID","3.65","1.7049","3.9647","7.2283"
"L08","PID","3.7","1.8719","3.736","7.475"
"L08","PID","3.75","2.0261","3.4913","7.7403"
"L08","PID","3.8","2.1668","3.2321","8.0204"
"L08","PID","3.85","2.2935","2.9599","8.3112"
"L08","PID","3.9","2.4059","2.6764","8.6087"
"L08","PID","3.95","2.5035","2.3834","8.9085"
"L08","PID","4","2.5862","2.0823","9.2064"
"L09","ADRC","0","6","0","0"
"L09","ADRC","0.05","5.7933","-1.2242","-0.2512"
"L09","ADRC","0.1","5.5482","-2.3723","-0.4974"
"L09","ADRC","0.15","5.2691","-3.4385","-0.734"
"L09","ADRC","0.2","4.9605","-4.4181","-0.9561"
"L09","ADRC","0.25","4.6269","-5.3072","-1.1596"
"L09","ADRC","0.3","4.2728","-6.1031","-1.3404"
"L09","ADRC","0.35","3.9024","-6.8038","-1.4949"
"L09","ADRC","0.4","3.5201","-7.4084","-1.6202"
"L09","ADRC","0.45","3.1298","-7.9168","-1.7138"
"L09","ADRC","0.5","2.7355","-8.3299","-1.7738"
"L09","ADRC","0.55","2.3409","-8.6492","-1.7991"
"L09","ADRC","0.6","1.9495","-8.8768","-1.7893"
"L09","ADRC","0.65","1.5645","-9.0159","-1.7444"
"L09","ADRC","0.7","1.1889","-9.0699","-1.6654"
"L09","ADRC","0.75","0.8254","-9.0429","-1.5538"
"L09","ADRC","0.8","0.4765","-8.9395","-1.4118"
"L09","ADRC","0.85","0.1445","-8.7646","-1.2421"
"L09","ADRC","0.9","-0.1689","-8.5237","-1.0482"
"L09","ADRC","0.95","-0.462","-8.2222","-0.8337"
"L09","ADRC","1","-0.7333","-7.8661","-0.603"
"L09","ADRC","1.05","-0.982","-7.4612","-0.3604"
"L09","ADRC","1.1","-1.207","-7.0139","-0.1108"
"L09","ADRC","1.15","-1.4079","-6.53","0.141"
"L09","ADRC","1.2","-1.5844","-6.0158","0.39"
"L09","ADRC","1.25","-1.7364","-5.4774","0.6314"
"L09","ADRC","1.3","-1.864","-4.9205","0.8604"
"L09","ADRC","1.35","-1.9676","-4.3512","1.0727"
"L09","ADRC","1.4","-0.6588","-3.7748","1.2639"
"L09","ADRC","1.45","-0.7161","3.9207","1.4303"
"L09","ADRC","1.5","-0.7514","4.4953","1.5688"
"L09","ADRC","1.55","-0.7659","5.0618","1.6766"
"L09","ADRC","1.6","-0.7605","5.6156","2.7932"
"L09","ADRC","1.65","-0.7366","6.1527","2.8339"
"L09","ADRC","1.7","-0.6955","6.6694","2.8396"
"L09","ADRC","1.75","-0.6385","7.1624","2.81"
"L09","ADRC","1.8","-0.5672","7.6285","2.7459"
"L09","ADRC","1.85","-0.483","8.0653","2.6484"
"L09","ADRC","1.9","-0.3874","8.4706","2.5194"
"L09","ADRC","1.95","-0.282","8.8425","2.3616"
"L09","ADRC","2","-0.1682","9.1796","2.1779"
"L09","ADRC","2.05","-0.0477","9.481","1.972"
"L09","ADRC","2.1","0.0783","9.7459","1.7478"
"L09","ADRC","2.15","0.2082","9.9739","1.5099"
"L09","ADRC","2.2","0.3406","10.1652","1.2628"
"L09","ADRC","2.25","0.4743","10.32","1.0113"
"L09","ADRC","2.3","0.608","10.4389","0.7605"
"L09","ADRC","2.35","0.7405","10.5229","0.5151"
"L09","ADRC","2.4","0.8707","10.5731","0.2801"
"L09","ADRC","2.45","0.9976","10.5908","0.06"
"L09","ADRC","2.5","1.1204","10.5776","-0.141"
"L09","ADRC","2.55","1.2381","10.5354","-0.3188"
"L09","ADRC","2.6","1.35","10.466","-0.4699"
"L09","ADRC","2.65","1.4556","10.3714","-0.5915"
"L09","ADRC","2.7","1.5543","10.2539","-0.6812"
"L09","ADRC","2.75","1.6455","10.1157","-0.7371"
"L09","ADRC","2.8","1.729","9.9591","-0.7582"
"L09","ADRC","2.85","1.8045","9.7864","-0.7441"
"L09","ADRC","2.9","0.4831","9.5999","-0.6951"
"L09","ADRC","2.95","0.5421","9.4021","-0.6121"
"L09","ADRC","3","0.5928","9.1951","-0.4967"
"L09","ADRC","3.05","0.6353","1.864","-0.3512"
"L09","ADRC","3.1","0.6696","1.6456","-0.1785"
"L09","ADRC","3.15","0.696","1.4248","0.0182"
"L09","ADRC","3.2","0.7147","1.2035","0.2348"
"L09","ADRC","3.25","0.726","0.9836","0.4672"
"L09","ADRC","3.3","0.7303","0.7671","0.7109"
"L09","ADRC","3.35","0.7279","0.5556","0.961"
"L09","ADRC","3.4","0.7192","0.3505","1.2127"
"L09","ADRC","3.45","0.7047","0.1535","1.4611"
"L09","ADRC","3.5","0.685","-0.0343","1.7013"
"L09","ADRC","3.55","0.6604","-0.2118","1.9285"
"L09","ADRC","3.6","0.6315","-0.378","2.1384"
"L09","ADRC","3.65","0.5987","-0.532","2.3268"
"L09","ADRC","3.7","0.5627","-0.6732","2.4901"
"L09","ADRC","3.75","0.5239","-0.801","2.6251"
"L09","ADRC","3.8","0.4829","-0.9151","2.729"
"L09","ADRC","3.85","0.44","-1.0152","2.7999"
"L09","ADRC","3.9","0.3959","-1.1013","2.8365"
"L09","ADRC","3.95","0.351","-1.1732","1.7963"
"L09","ADRC","4","0.3057","-1.2312","1.7625"
"L10","ADRC","0","6","0","0"
"L10","ADRC","0.05","5.7933","-1.2242","-0.2512"
"L10","ADRC","0.1","5.5482","-2.3723","-0.4974"
"L10","ADRC","0.15","5.2691","-3.4385","-0.734"
"L10","ADRC","0.2","4.9605","-4.4181","-0.9561"
"L10","ADRC","0.25","4.6269","-5.3072","-1.1596"
"L10","ADRC","0.3","4.2728","-6.1031","-1.3404"
"L10","ADRC","0.35","3.9024","-6.8038","-1.4949"
"L10","ADRC","0.4","3.5201","-7.4084","-1.6202"
"L10","ADRC","0.45","3.1298","-7.9168","-1.7138"
"L10","ADRC","0.5","2.7355","-8.3299","-1.7738"
"L10","ADRC","0.55","2.3409","-8.6492","-1.7991"
"L10","ADRC","0.6","1.9495","-8.8768","-1.7893"
"L10","ADRC","0.65","1.5645","-9.0159","-1.7444"
"L10","ADRC","0.7","1.1889","-9.0699","-1.6654"
"L10","ADRC","0.75","0.8254","-9.0429","-1.5538"
"L10","ADRC","0.8","0.4765","-8.9395","-1.4118"
"L10","ADRC","0.85","0.1445","-8.7646","-1.2421"
"L10","ADRC","0.9","-0.1689","-8.5237","-1.0482"
"L10","ADRC","0.95","-0.462","-8.2222","-0.8337"
"L10","ADRC","1","-0.7333","-7.8661","-0.603"
"L10","ADRC","1.05","-0.982","-7.4612","-0.3604"
"L10","ADRC","1.1","-1.207","-7.0139","-0.1108"
"L10","ADRC","1.15","-1.4079","-6.53","0.141"
"L10","ADRC","1.2","-1.5844","-6.0158","0.39"
"L10","ADRC","1.25","-1.7364","-5.4774","0.6314"
"L10","ADRC","1.3","-1.864","-4.9205","0.8604"
"L10","ADRC","1.35","-1.9676","-4.3512","1.0727"
"L10","ADRC","1.4","-2.0476","-3.7748","1.2639"
"L10","ADRC","1.45","-2.1049","-3.1967","1.4303"
"L10","ADRC","1.5","-2.1402","-2.6221","1.5688"
"L10","ADRC","1.55","-2.1547","-2.0556","1.6766"
"L10","ADRC","1.6","-2.1493","-1.5018","1.7516"
"L10","ADRC","1.65","-1.175","-0.9647","1.7923"
"L10","ADRC","1.7","-1.1339","7.7216","1.798"
"L10","ADRC","1.75","-1.0769","8.2146","1.7684"
"L10","ADRC","1.8","-1.0056","8.6807","1.7043"
"L10","ADRC","1.85","-0.9214","9.1175","1.6068"
"L10","ADRC","1.9","-0.8258","9.5228","2.1906"
"L10","ADRC","1.95","-0.7204","9.8947","2.0328"
"L10","ADRC","2","-0.6066","10.2318","1.8491"
"L10","ADRC","2.05","-0.4861","10.5332","1.6432"
"L10","ADRC","2.1","-0.3601","10.7981","1.419"
"L10","ADRC","2.15","-0.2302","11.0261","1.1811"
"L10","ADRC","2.2","-0.0978","11.2174","0.934"
"L10","ADRC","2.25","0.0359","11.3722","0.6825"
"L10","ADRC","2.3","0.1696","11.4911","0.4317"
"L10","ADRC","2.35","0.3021","11.5751","0.1863"
"L10","ADRC","2.4","0.4323","11.6253","-0.0487"
"L10","ADRC","2.45","0.5592","11.643","-0.2688"
"L10","ADRC","2.5","0.682","11.6298","-0.4698"
"L10","ADRC","2.55","0.7997","11.5876","-0.6476"
"L10","ADRC","2.6","0.9116","11.5182","-0.7987"
"L10","ADRC","2.65","1.0172","11.4236","-0.9203"
"L10","ADRC","2.7","1.1159","11.3061","-1.01"
"L10","ADRC","2.75","1.2071","11.1679","-1.0659"
"L10","ADRC","2.8","1.2906","11.0113","-1.087"
"L10","ADRC","2.85","1.3661","10.8386","-1.0729"
"L10","ADRC","2.9","1.4335","10.6521","-1.0239"
"L10","ADRC","2.95","1.4925","10.4543","-0.9409"
"L10","ADRC","3","1.5432","10.2473","-0.8255"
"L10","ADRC","3.05","1.5857","10.0336","-0.68"
"L10","ADRC","3.1","1.62","9.8152","-0.5073"
"L10","ADRC","3.15","0.696","9.5944","-0.3106"
"L10","ADRC","3.2","0.7147","9.3731","-0.094"
"L10","ADRC","3.25","0.726","9.1532","0.1384"
"L10","ADRC","3.3","0.7303","0.7671","0.3821"
"L10","ADRC","3.35","0.7279","0.5556","0.6322"
"L10","ADRC","3.4","0.7192","0.3505","0.8839"
"L10","ADRC","3.45","0.7047","0.1535","1.1323"
"L10","ADRC","3.5","0.685","-0.0343","1.3725"
"L10","ADRC","3.55","0.6604","-0.2118","1.5997"
"L10","ADRC","3.6","0.6315","-0.378","1.8096"
"L10","ADRC","3.65","0.5987","-0.532","1.998"
"L10","ADRC","3.7","0.5627","-0.6732","2.1613"
"L10","ADRC","3.75","0.5239","-0.801","2.2963"
"L10","ADRC","3.8","0.4829","-0.9151","2.4002"
"L10","ADRC","3.85","0.44","-1.0152","2.4711"
"L10","ADRC","3.9","0.3959","-1.1013","2.5077"
"L10","ADRC","3.95","0.351","-1.1732","2.5091"
"L10","ADRC","4","0.3057","-1.2312","2.4753"
"L11","ADRC","0","6","0","0"
"L11","ADRC","0.05","5.7933","-1.2242","-0.2512"
"L11","ADRC","0.1","5.5482","-2.3723","-0.4974"
"L11","ADRC","0.15","5.2691","-3.4385","-0.734"
"L11","ADRC","0.2","4.9605","-4.4181","-0.9561"
"L11","ADRC","0.25","4.6269","-5.3072","-1.1596"
"L11","ADRC","0.3","4.2728","-6.1031","-1.3404"
"L11","ADRC","0.35","3.9024","-6.8038","-1.4949"
"L11","ADRC","0.4","3.5201","-7.4084","-1.6202"
"L11","ADRC","0.45","3.1298","-7.9168","-1.7138"
"L11","ADRC","0.5","2.7355","-8.3299","-1.7738"
"L11","ADRC","0.55","2.3409","-8.6492","-1.7991"
"L11","ADRC","0.6","1.9495","-8.8768","-1.7893"
"L11","ADRC","0.65","1.5645","-9.0159","-1.7444"
"L11","ADRC","0.7","1.1889","-9.0699","-1.6654"
"L11","ADRC","0.75","0.8254","-9.0429","-1.5538"
"L11","ADRC","0.8","0.4765","-8.9395","-1.4118"
"L11","ADRC","0.85","0.1445","-8.7646","-1.2421"
"L11","ADRC","0.9","-0.1689","-8.5237","-1.0482"
"L11","ADRC","0.95","-0.462","-8.2222","-0.8337"
"L11","ADRC","1","-0.7333","-7.8661","-0.603"
"L11","ADRC","1.05","-0.982","-7.4612","-0.3604"
"L11","ADRC","1.1","-1.207","-7.0139","-0.1108"
"L11","ADRC","1.15","-1.4079","-6.53","0.141"
"L11","ADRC","1.2","-1.5844","-6.0158","0.39"
"L11","ADRC","1.25","-1.7364","-5.4774","0.6314"
"L11","ADRC","1.3","-1.864","-4.9205","0.8604"
"L11","ADRC","1.35","-1.9676","-4.3512","1.0727"
"L11","ADRC","1.4","-2.0476","-3.7748","1.2639"
"L11","ADRC","1.45","-2.1049","-3.1967","1.4303"
"L11","ADRC","1.5","-2.1402","-2.6221","1.5688"
"L11","ADRC","1.55","-2.1547","-2.0556","1.6766"
"L11","ADRC","1.6","-1.2532","4.1725","1.7516"
"L11","ADRC","1.65","-1.2293","4.7096","1.7923"
"L11","ADRC","1.7","-1.1882","5.2263","1.798"
"L11","ADRC","1.75","-1.1313","5.7193","1.7684"
"L11","ADRC","1.8","-1.0599","6.1854","2.3763"
"L11","ADRC","1.85","-0.9757","6.6222","2.2788"
"L11","ADRC","1.9","-0.8801","7.0275","2.1499"
"L11","ADRC","1.95","-0.7747","7.3994","1.992"
"L11","ADRC","2","-0.661","7.7365","1.8083"
"L11","ADRC","2.05","-0.5404","8.0379","1.6024"
"L11","ADRC","2.1","-0.4144","8.3028","1.3783"
"L11","ADRC","2.15","-0.2845","8.5308","1.1403"
"L11","ADRC","2.2","-0.1521","8.7221","0.8932"
"L11","ADRC","2.25","-0.0184","8.8769","0.6418"
"L11","ADRC","2.3","0.1152","8.9958","0.3909"
"L11","ADRC","2.35","0.2477","9.0798","0.1456"
"L11","ADRC","2.4","0.378","9.13","-0.0894"
"L11","ADRC","2.45","0.5049","9.1477","-0.3096"
"L11","ADRC","2.5","0.6276","9.1345","-0.5105"
"L11","ADRC","2.55","0.7454","9.0923","-0.6883"
"L11","ADRC","2.6","0.8573","9.0229","-0.8395"
"L11","ADRC","2.65","0.9629","8.9283","-0.9611"
"L11","ADRC","2.7","1.0615","8.8108","-1.0507"
"L11","ADRC","2.75","1.1528","8.6726","-1.1066"
"L11","ADRC","2.8","1.2363","8.516","-1.1278"
"L11","ADRC","2.85","1.3118","8.3433","-1.1137"
"L11","ADRC","2.9","1.3791","8.1568","-1.0646"
"L11","ADRC","2.95","1.4382","7.959","-0.9816"
"L11","ADRC","3","1.4889","7.752","-0.8662"
"L11","ADRC","3.05","1.5314","7.5383","-0.7207"
"L11","ADRC","3.1","0.6696","7.3199","-0.548"
"L11","ADRC","3.15","0.696","7.0991","-0.3514"
"L11","ADRC","3.2","0.7147","6.8778","-0.1347"
"L11","ADRC","3.25","0.726","0.9836","0.0977"
"L11","ADRC","3.3","0.7303","0.7671","0.3413"
"L11","ADRC","3.35","0.7279","0.5556","0.5915"
"L11","ADRC","3.4","0.7192","0.3505","0.8432"
"L11","ADRC","3.45","0.7047","0.1535","1.0916"
"L11","ADRC","3.5","0.685","-0.0343","1.3317"
"L11","ADRC","3.55","0.6604","-0.2118","1.559"
"L11","ADRC","3.6","0.6315","-0.378","1.7689"
"L11","ADRC","3.65","0.5987","-0.532","1.9573"
"L11","ADRC","3.7","0.5627","-0.6732","2.1206"
"L11","ADRC","3.75","0.5239","-0.801","2.2555"
"L11","ADRC","3.8","0.4829","-0.9151","2.3595"
"L11","ADRC","3.85","0.44","-1.0152","2.4304"
"L11","ADRC","3.9","0.3959","-1.1013","2.4669"
"L11","ADRC","3.95","0.351","-1.1732","2.4683"
"L11","ADRC","4","0.3057","-1.2312","2.4346"
"L12","ADRC","0","6","0","0"
"L12","ADRC","0.05","5.7933","-1.2242","-0.2512"
"L12","ADRC","0.1","5.5482","-2.3723","-0.4974"
"L12","ADRC","0.15","5.2691","-3.4385","-0.734"
"L12","ADRC","0.2","4.9605","-4.4181","-0.9561"
"L12","ADRC","0.25","4.6269","-5.3072","-1.1596"
"L12","ADRC","0.3","4.2728","-6.1031","-1.3404"
"L12","ADRC","0.35","3.9024","-6.8038","-1.4949"
"L12","ADRC","0.4","3.5201","-7.4084","-1.6202"
"L12","ADRC","0.45","3.1298","-7.9168","-1.7138"
"L12","ADRC","0.5","2.7355","-8.3299","-1.7738"
"L12","ADRC","0.55","2.3409","-8.6492","-1.7991"
"L12","ADRC","0.6","1.9495","-8.8768","-1.7893"
"L12","ADRC","0.65","1.5645","-9.0159","-1.7444"
"L12","ADRC","0.7","1.1889","-9.0699","-1.6654"
"L12","ADRC","0.75","0.8254","-9.0429","-1.5538"
"L12","ADRC","0.8","0.4765","-8.9395","-1.4118"
"L12","ADRC","0.85","0.1445","-8.7646","-1.2421"
"L12","ADRC","0.9","-0.1689","-8.5237","-1.0482"
"L12","ADRC","0.95","-0.462","-8.2222","-0.8337"
"L12","ADRC","1","-0.7333","-7.8661","-0.603"
"L12","ADRC","1.05","-0.982","-7.4612","-0.3604"
"L12","ADRC","1.1","-1.207","-7.0139","-0.1108"
"L12","ADRC","1.15","-1.4079","-6.53","0.141"
"L12","ADRC","1.2","-1.5844","-6.0158","0.39"
"L12","ADRC","1.25","-1.7364","-5.4774","0.6314"
"L12","ADRC","1.3","-1.864","-4.9205","0.8604"
"L12","ADRC","1.35","-1.9676","-4.3512","1.0727"
"L12","ADRC","1.4","-2.0476","-3.7748","1.2639"
"L12","ADRC","1.45","-2.1049","-3.1967","1.4303"
"L12","ADRC","1.5","-2.1402","-2.6221","1.5688"
"L12","ADRC","1.55","-2.1547","-2.0556","1.6766"
"L12","ADRC","1.6","-1.5143","4.9774","1.7516"
"L12","ADRC","1.65","-1.4904","5.5145","1.7923"
"L12","ADRC","1.7","-1.4492","6.0312","1.798"
"L12","ADRC","1.75","-1.3923","6.5242","1.7684"
"L12","ADRC","1.8","-1.321","6.9903","2.1805"
"L12","ADRC","1.85","-1.2368","7.4271","2.083"
"L12","ADRC","1.9","-1.1412","7.8324","1.9541"
"L12","ADRC","1.95","-1.0358","8.2043","1.7962"
"L12","ADRC","2","-0.922","8.5414","1.6126"
"L12","ADRC","2.05","-0.8014","8.8428","1.4066"
"L12","ADRC","2.1","-0.6755","9.1077","1.1825"
"L12","ADRC","2.15","-0.5456","9.3357","0.9446"
"L12","ADRC","2.2","-0.4131","9.527","0.6975"
"L12","ADRC","2.25","-0.2795","9.6818","0.446"
"L12","ADRC","2.3","-0.1458","9.8007","0.1952"
"L12","ADRC","2.35","-0.0133","9.8847","-0.0502"
"L12","ADRC","2.4","0.1169","9.9349","-0.2852"
"L12","ADRC","2.45","0.2439","9.9526","-0.5054"
"L12","ADRC","2.5","0.3666","9.9394","-0.7063"
"L12","ADRC","2.55","0.4843","9.8972","-0.8841"
"L12","ADRC","2.6","0.5963","9.8278","-1.0353"
"L12","ADRC","2.65","0.7019","9.7332","-1.1569"
"L12","ADRC","2.7","0.8005","9.6157","-1.2465"
"L12","ADRC","2.75","0.8918","9.4775","-1.3024"
"L12","ADRC","2.8","0.9753","9.3209","-1.3235"
"L12","ADRC","2.85","1.0508","9.1482","-1.3094"
"L12","ADRC","2.9","1.1181","8.9617","-1.2604"
"L12","ADRC","2.95","1.1771","8.7639","-1.1774"
"L12","ADRC","3","1.2279","8.5569","-1.062"
"L12","ADRC","3.05","1.2703","8.3432","-0.9165"
"L12","ADRC","3.1","0.6696","8.1248","-0.7438"
"L12","ADRC","3.15","0.696","7.904","-0.5472"
"L12","ADRC","3.2","0.7147","7.6827","-0.3305"
"L12","ADRC","3.25","0.726","0.9836","-0.0981"
"L12","ADRC","3.3","0.7303","0.7671","0.1456"
"L12","ADRC","3.35","0.7279","0.5556","0.3957"
"L12","ADRC","3.4","0.7192","0.3505","0.6474"
"L12","ADRC","3.45","0.7047","0.1535","0.8958"
"L12","ADRC","3.5","0.685","-0.0343","1.1359"
"L12","ADRC","3.55","0.6604","-0.2118","1.3632"
"L12","ADRC","3.6","0.6315","-0.378","1.5731"
"L12","ADRC","3.65","0.5987","-0.532","1.7615"
"L12","ADRC","3.7","0.5627","-0.6732","1.9248"
"L12","ADRC","3.75","0.5239","-0.801","2.0597"
"L12","ADRC","3.8","0.4829","-0.9151","2.1637"
"L12","ADRC","3.85","0.44","-1.0152","2.2346"
"L12","ADRC","3.9","0.3959","-1.1013","2.2711"
"L12","ADRC","3.95","0.351","-1.1732","2.2725"
"L12","ADRC","4","0.3057","-1.2312","2.2388"
"L13","ADRC","0","6","0","0"
"L13","ADRC","0.05","5.7933","-1.2242","-0.2512"
"L13","ADRC","0.1","5.5482","-2.3723","-0.4974"
"L13","ADRC","0.15","5.2691","-3.4385","-0.734"
"L13","ADRC","0.2","4.9605","-4.4181","-0.9561"
"L13","ADRC","0.25","4.6269","-5.3072","-1.1596"
"L13","ADRC","0.3","4.2728","-6.1031","-1.3404"
"L13","ADRC","0.35","3.9024","-6.8038","-1.4949"
"L13","ADRC","0.4","3.5201","-7.4084","-1.6202"
"L13","ADRC","0.45","3.1298","-7.9168","-1.7138"
"L13","ADRC","0.5","2.7355","-8.3299","-1.7738"
"L13","ADRC","0.55","2.3409","-8.6492","-1.7991"
"L13","ADRC","0.6","1.9495","-8.8768","-1.7893"
"L13","ADRC","0.65","1.5645","-9.0159","-1.7444"
"L13","ADRC","0.7","1.1889","-9.0699","-1.6654"
"L13","ADRC","0.75","0.8254","-9.0429","-1.5538"
"L13","ADRC","0.8","0.4765","-8.9395","-1.4118"
"L13","ADRC","0.85","0.1445","-8.7646","-1.2421"
"L13","ADRC","0.9","-0.1689","-8.5237","-1.0482"
"L13","ADRC","0.95","-0.462","-8.2222","-0.8337"
"L13","ADRC","1","-0.7333","-7.8661","-0.603"
"L13","ADRC","1.05","-0.982","-7.4612","-0.3604"
"L13","ADRC","1.1","-1.207","-7.0139","-0.1108"
"L13","ADRC","1.15","-1.4079","-6.53","0.141"
"L13","ADRC","1.2","-1.5844","-6.0158","0.39"
"L13","ADRC","1.25","-1.7364","-5.4774","0.6314"
"L13","ADRC","1.3","-1.864","-4.9205","0.8604"
"L13","ADRC","1.35","-1.9676","-4.3512","1.0727"
"L13","ADRC","1.4","-2.0476","-3.7748","1.2639"
"L13","ADRC","1.45","-2.1049","-3.1967","1.4303"
"L13","ADRC","1.5","-2.1402","-2.6221","1.5688"
"L13","ADRC","1.55","-2.1547","-2.0556","1.6766"
"L13","ADRC","1.6","-1.2594","-1.5018","1.7516"
"L13","ADRC","1.65","-1.2355","2.5368","1.7923"
"L13","ADRC","1.7","-1.1944","3.0535","1.798"
"L13","ADRC","1.75","-1.1374","3.5465","1.7684"
"L13","ADRC","1.8","-1.0661","4.0126","2.3717"
"L13","ADRC","1.85","-0.9819","4.4494","2.2742"
"L13","ADRC","1.9","-0.8863","4.8547","2.1453"
"L13","ADRC","1.95","-0.7809","5.2266","1.9874"
"L13","ADRC","2","-0.6671","5.5637","1.8037"
"L13","ADRC","2.05","-0.5465","5.8651","1.5978"
"L13","ADRC","2.1","-0.4206","6.13","1.3737"
"L13","ADRC","2.15","-0.2907","6.358","1.1357"
"L13","ADRC","2.2","-0.1583","6.5493","0.8886"
"L13","ADRC","2.25","-0.0246","6.7041","0.6372"
"L13","ADRC","2.3","0.1091","6.823","0.3863"
"L13","ADRC","2.35","0.2416","6.907","0.141"
"L13","ADRC","2.4","0.3718","6.9572","-0.0941"
"L13","ADRC","2.45","0.4987","6.9749","-0.3142"
"L13","ADRC","2.5","0.6215","6.9617","-0.5151"
"L13","ADRC","2.55","0.7392","6.9195","-0.6929"
"L13","ADRC","2.6","0.8512","6.8501","-0.8441"
"L13","ADRC","2.65","0.9567","6.7555","-0.9657"
"L13","ADRC","2.7","1.0554","6.638","-1.0553"
"L13","ADRC","2.75","1.1466","6.4998","-1.1113"
"L13","ADRC","2.8","1.2302","6.3432","-1.1324"
"L13","ADRC","2.85","1.3057","6.1705","-1.1183"
"L13","ADRC","2.9","1.373","5.984","-1.0692"
"L13","ADRC","2.95","1.432","5.7862","-0.9862"
"L13","ADRC","3","1.4827","5.5792","-0.8708"
"L13","ADRC","3.05","1.5252","5.3655","-0.7254"
"L13","ADRC","3.1","0.6696","5.1471","-0.5526"
"L13","ADRC","3.15","0.696","4.9263","-0.356"
"L13","ADRC","3.2","0.7147","4.705","-0.1394"
"L13","ADRC","3.25","0.726","0.9836","0.0931"
"L13","ADRC","3.3","0.7303","0.7671","0.3367"
"L13","ADRC","3.35","0.7279","0.5556","0.5869"
"L13","ADRC","3.4","0.7192","0.3505","0.8386"
"L13","ADRC","3.45","0.7047","0.1535","1.0869"
"L13","ADRC","3.5","0.685","-0.0343","1.3271"
"L13","ADRC","3.55","0.6604","-0.2118","1.5544"
"L13","ADRC","3.6","0.6315","-0.378","1.7642"
"L13","ADRC","3.65","0.5987","-0.532","1.9527"
"L13","ADRC","3.7","0.5627","-0.6732","2.116"
"L13","ADRC","3.75","0.5239","-0.801","2.2509"
"L13","ADRC","3.8","0.4829","-0.9151","2.3548"
"L13","ADRC","3.85","0.44","-1.0152","2.4258"
"L13","ADRC","3.9","0.3959","-1.1013","2.4623"
"L13","ADRC","3.95","0.351","-1.1732","2.4637"
"L13","ADRC","4","0.3057","-1.2312","2.43"
"L14","ADRC","0","6","0","0"
"L14","ADRC","0.05","5.7933","-1.2242","-0.2512"
"L14","ADRC","0.1","5.5482","-2.3723","-0.4974"
"L14","ADRC","0.15","5.2691","-3.4385","-0.734"
"L14","ADRC","0.2","4.9605","-4.4181","-0.9561"
"L14","ADRC","0.25","4.6269","-5.3072","-1.1596"
"L14","ADRC","0.3","4.2728","-6.1031","-1.3404"
"L14","ADRC","0.35","3.9024","-6.8038","-1.4949"
"L14","ADRC","0.4","3.5201","-7.4084","-1.6202"
"L14","ADRC","0.45","3.1298","-7.9168","-1.7138"
"L14","ADRC","0.5","2.7355","-8.3299","-1.7738"
"L14","ADRC","0.55","2.3409","-8.6492","-1.7991"
"L14","ADRC","0.6","1.9495","-8.8768","-1.7893"
"L14","ADRC","0.65","1.5645","-9.0159","-1.7444"
"L14","ADRC","0.7","1.1889","-9.0699","-1.6654"
"L14","ADRC","0.75","0.8254","-9.0429","-1.5538"
"L14","ADRC","0.8","0.4765","-8.9395","-1.4118"
"L14","ADRC","0.85","0.1445","-8.7646","-1.2421"
"L14","ADRC","0.9","-0.1689","-8.5237","-1.0482"
"L14","ADRC","0.95","-0.462","-8.2222","-0.8337"
"L14","ADRC","1","-0.7333","-7.8661","-0.603"
"L14","ADRC","1.05","-0.982","-7.4612","-0.3604"
"L14","ADRC","1.1","-1.207","-7.0139","-0.1108"
"L14","ADRC","1.15","-1.4079","-6.53","0.141"
"L14","ADRC","1.2","-1.5844","-6.0158","0.39"
"L14","ADRC","1.25","-1.7364","-5.4774","0.6314"
"L14","ADRC","1.3","-1.864","-4.9205","0.8604"
"L14","ADRC","1.35","-1.9676","-4.3512","1.0727"
"L14","ADRC","1.4","-2.0476","-3.7748","1.2639"
"L14","ADRC","1.45","-2.1049","-3.1967","1.4303"
"L14","ADRC","1.5","-2.1402","-2.6221","1.5688"
"L14","ADRC","1.55","-2.1547","-2.0556","1.6766"
"L14","ADRC","1.6","-2.1493","-1.5018","1.7516"
"L14","ADRC","1.65","-2.1254","-0.9647","1.7923"
"L14","ADRC","1.7","-1.5468","8.214","1.798"
"L14","ADRC","1.75","-1.4898","8.707","1.7684"
"L14","ADRC","1.8","-1.4185","9.1731","1.7043"
"L14","ADRC","1.85","-1.3343","9.6099","1.6068"
"L14","ADRC","1.9","-1.2387","10.0152","1.881"
"L14","ADRC","1.95","-1.1333","10.3871","1.7231"
"L14","ADRC","2","-1.0195","10.7242","1.5394"
"L14","ADRC","2.05","-0.8989","11.0256","1.3335"
"L14","ADRC","2.1","-0.773","11.2905","1.1094"
"L14","ADRC","2.15","-0.6431","11.5185","0.8714"
"L14","ADRC","2.2","-0.5107","11.7098","0.6243"
"L14","ADRC","2.25","-0.377","11.8646","0.3729"
"L14","ADRC","2.3","-0.2433","11.9835","0.122"
"L14","ADRC","2.35","-0.1108","12.0675","-0.1233"
"L14","ADRC","2.4","0.0194","12.1177","-0.3584"
"L14","ADRC","2.45","0.1463","12.1354","-0.5785"
"L14","ADRC","2.5","0.2691","12.1222","-0.7794"
"L14","ADRC","2.55","0.3868","12.08","-0.9572"
"L14","ADRC","2.6","0.4988","12.0106","-1.1084"
"L14","ADRC","2.65","0.6043","11.916","-1.23"
"L14","ADRC","2.7","0.703","11.7985","-1.3196"
"L14","ADRC","2.75","0.7942","11.6603","-1.3756"
"L14","ADRC","2.8","0.8778","11.5037","-1.3967"
"L14","ADRC","2.85","0.9533","11.331","-1.3826"
"L14","ADRC","2.9","1.0206","11.1445","-1.3335"
"L14","ADRC","2.95","1.0796","10.9467","-1.2505"
"L14","ADRC","3","1.1303","10.7397","-1.1351"
"L14","ADRC","3.05","1.1728","10.526","-0.9897"
"L14","ADRC","3.1","1.2072","10.3076","-0.8169"
"L14","ADRC","3.15","1.2336","10.0868","-0.6203"
"L14","ADRC","3.2","0.7147","9.8655","-0.4037"
"L14","ADRC","3.25","0.726","9.6456","-0.1712"
"L14","ADRC","3.3","0.7303","9.4291","0.0724"
"L14","ADRC","3.35","0.7279","0.5556","0.3226"
"L14","ADRC","3.4","0.7192","0.3505","0.5743"
"L14","ADRC","3.45","0.7047","0.1535","0.8226"
"L14","ADRC","3.5","0.685","-0.0343","1.0628"
"L14","ADRC","3.55","0.6604","-0.2118","1.2901"
"L14","ADRC","3.6","0.6315","-0.378","1.4999"
"L14","ADRC","3.65","0.5987","-0.532","1.6884"
"L14","ADRC","3.7","0.5627","-0.6732","1.8517"
"L14","ADRC","3.75","0.5239","-0.801","1.9866"
"L14","ADRC","3.8","0.4829","-0.9151","2.0905"
"L14","ADRC","3.85","0.44","-1.0152","2.1615"
"L14","ADRC","3.9","0.3959","-1.1013","2.198"
"L14","ADRC","3.95","0.351","-1.1732","2.1994"
"L14","ADRC","4","0.3057","-1.2312","2.1657"
"L15","ADRC","0","6","0","0"
"L15","ADRC","0.05","5.7933","-1.2242","-0.2512"
"L15","ADRC","0.1","5.5482","-2.3723","-0.4974"
"L15","ADRC","0.15","5.2691","-3.4385","-0.734"
"L15","ADRC","0.2","4.9605","-4.4181","-0.9561"
"L15","ADRC","0.25","4.6269","-5.3072","-1.1596"
"L15","ADRC","0.3","4.2728","-6.1031","-1.3404"
"L15","ADRC","0.35","3.9024","-6.8038","-1.4949"
"L15","ADRC","0.4","3.5201","-7.4084","-1.6202"
"L15","ADRC","0.45","3.1298","-7.9168","-1.7138"
"L15","ADRC","0.5","2.7355","-8.3299","-1.7738"
"L15","ADRC","0.55","2.3409","-8.6492","-1.7991"
"L15","ADRC","0.6","1.9495","-8.8768","-1.7893"
"L15","ADRC","0.65","1.5645","-9.0159","-1.7444"
"L15","ADRC","0.7","1.1889","-9.0699","-1.6654"
"L15","ADRC","0.75","0.8254","-9.0429","-1.5538"
"L15","ADRC","0.8","0.4765","-8.9395","-1.4118"
"L15","ADRC","0.85","0.1445","-8.7646","-1.2421"
"L15","ADRC","0.9","-0.1689","-8.5237","-1.0482"
"L15","ADRC","0.95","-0.462","-8.2222","-0.8337"
"L15","ADRC","1","-0.7333","-7.8661","-0.603"
"L15","ADRC","1.05","-0.982","-7.4612","-0.3604"
"L15","ADRC","1.1","-1.207","-7.0139","-0.1108"
"L15","ADRC","1.15","-1.4079","-6.53","0.141"
"L15","ADRC","1.2","-1.5844","-6.0158","0.39"
"L15","ADRC","1.25","-1.7364","-5.4774","0.6314"
"L15","ADRC","1.3","-1.864","-4.9205","0.8604"
"L15","ADRC","1.35","-1.9676","-4.3512","1.0727"
"L15","ADRC","1.4","-1.307","-3.7748","1.2639"
"L15","ADRC","1.45","-1.3642","3.0106","1.4303"
"L15","ADRC","1.5","-1.3996","3.5852","1.5688"
"L15","ADRC","1.55","-1.414","4.1517","1.6766"
"L15","ADRC","1.6","-1.4087","4.7055","2.3071"
"L15","ADRC","1.65","-1.3848","5.2426","2.3478"
"L15","ADRC","1.7","-1.3436","5.7593","2.3534"
"L15","ADRC","1.75","-1.2867","6.2523","2.3239"
"L15","ADRC","1.8","-1.2154","6.7184","2.2597"
"L15","ADRC","1.85","-1.1312","7.1552","2.1622"
"L15","ADRC","1.9","-1.0356","7.5605","2.0333"
"L15","ADRC","1.95","-0.9302","7.9324","1.8754"
"L15","ADRC","2","-0.8164","8.2695","1.6918"
"L15","ADRC","2.05","-0.6958","8.5709","1.4858"
"L15","ADRC","2.1","-0.5699","8.8358","1.2617"
"L15","ADRC","2.15","-0.44","9.0638","1.0238"
"L15","ADRC","2.2","-0.3075","9.2551","0.7767"
"L15","ADRC","2.25","-0.1739","9.4099","0.5252"
"L15","ADRC","2.3","-0.0402","9.5288","0.2744"
"L15","ADRC","2.35","0.0923","9.6128","0.029"
"L15","ADRC","2.4","0.2225","9.663","-0.206"
"L15","ADRC","2.45","0.3495","9.6807","-0.4262"
"L15","ADRC","2.5","0.4722","9.6675","-0.6271"
"L15","ADRC","2.55","0.5899","9.6253","-0.8049"
"L15","ADRC","2.6","0.7019","9.5559","-0.9561"
"L15","ADRC","2.65","0.8075","9.4613","-1.0777"
"L15","ADRC","2.7","0.9061","9.3438","-1.1673"
"L15","ADRC","2.75","0.9974","9.2056","-1.2232"
"L15","ADRC","2.8","1.0809","9.049","-1.2443"
"L15","ADRC","2.85","1.1564","8.8763","-1.2302"
"L15","ADRC","2.9","0.4831","8.6898","-1.1812"
"L15","ADRC","2.95","0.5421","8.492","-1.0982"
"L15","ADRC","3","0.5928","8.285","-0.9828"
"L15","ADRC","3.05","0.6353","1.864","-0.8373"
"L15","ADRC","3.1","0.6696","1.6456","-0.6646"
"L15","ADRC","3.15","0.696","1.4248","-0.468"
"L15","ADRC","3.2","0.7147","1.2035","-0.2513"
"L15","ADRC","3.25","0.726","0.9836","-0.0189"
"L15","ADRC","3.3","0.7303","0.7671","0.2248"
"L15","ADRC","3.35","0.7279","0.5556","0.4749"
"L15","ADRC","3.4","0.7192","0.3505","0.7266"
"L15","ADRC","3.45","0.7047","0.1535","0.975"
"L15","ADRC","3.5","0.685","-0.0343","1.2151"
"L15","ADRC","3.55","0.6604","-0.2118","1.4424"
"L15","ADRC","3.6","0.6315","-0.378","1.6523"
"L15","ADRC","3.65","0.5987","-0.532","1.8407"
"L15","ADRC","3.7","0.5627","-0.6732","2.004"
"L15","ADRC","3.75","0.5239","-0.801","2.1389"
"L15","ADRC","3.8","0.4829","-0.9151","2.2429"
"L15","ADRC","3.85","0.44","-1.0152","2.3138"
"L15","ADRC","3.9","0.3959","-1.1013","2.3503"
"L15","ADRC","3.95","0.351","-1.1732","1.7963"
"L15","ADRC","4","0.3057","-1.2312","1.7625"
